h,yT_pct,yN_pct,price_pct,cT_pct,Bnext_level,share_base_pct,share_shock_pct,se_yT,se_yN,se_price,se_cT,se_Bnext,se_share_base,se_share_shock
0,-6.3455039469630155,-4.699891163572056,-4.134062534094429,-7.981577186450883,0.015019713338526808,3.8466867693694535,45.1329853574141,0.0,0.0,0.0,0.0,0.0,0.0,0.0
1,-3.587201417797825,-4.2001998865240475,0.5224829302702627,-3.7256211171683207,0.015445215170863835,20.71592107246324,30.00471681302452,0.0,0.0,0.02839693540615505,0.022013633637631785,0.0002171055789540097,0.1752487952797165,0.07439194888427889
2,-1.3258409680394823,-2.6974592017952492,3.989829637663389,0.4033164932528255,-0.0011361461550610796,22.0788164716261,23.638644856533308,0.0,0.0,0.24974752360640293,0.18235571038281018,0.0009894899828106732,0.35933112801271827,0.5249447664578341
3,0.02750995172799975,-1.2350845818960177,2.485255926445662,0.7375843664990445,-0.0061350327627371914,19.248350447533056,20.16731663863323,0.0,0.0,0.17996565209823354,0.1358106768526411,0.0009031312655738744,0.44352711787662646,0.5544480152181321
4,0.5821955556378322,-0.24956199569853288,1.041406205219153,0.595454099807613,-0.00673368425390497,17.768970208937375,17.76192684637857,0.0,0.0,0.15574052814743675,0.11860406700213391,0.000721629942570111,0.4822928030638283,0.4883925136935752
5,0.6351420322094459,0.2354753218568817,0.16685793110942093,0.3768494920626697,-0.004146156078130292,17.38538351491503,17.3237305723394,0.0,0.0,0.11262699225047439,0.08755501694807467,0.0006088835275166964,0.4628528632235485,0.45845575891999707
6,0.46373894216233946,0.3649463915716966,-0.23883349082707284,0.16427497430795412,-0.0012213593007892598,17.812720422382476,17.20282026835065,0.0,0.0,0.1044641426823326,0.08228181298151141,0.0005847316748341074,0.45270553161685273,0.4565969838073592
7,0.25148429410102313,0.3075126108899706,-0.24024793895398577,0.10521649343437911,0.00018370036891290908,18.464925333895717,17.989683744773767,0.0,0.0,0.10855843656840479,0.08316934526330276,0.000530100219390177,0.46609303370544874,0.44805548116921906
8,0.08691796876083568,0.1900725712372653,-0.21868968772388309,0.013018033979772525,0.0006633843871988176,18.428132590656748,18.195097099601693,0.0,0.0,0.07491211810848762,0.05751562081977653,0.00041870046019514765,0.4503444289195985,0.4417332575277775
9,-0.007771619803165208,0.08351400888166882,-0.16157439978180532,-0.045387178948685936,0.0012565349864480657,18.09571560370939,17.95358742187788,0.0,0.0,0.05829179935551234,0.04555993525739473,0.0003348502247439573,0.4467995785654703,0.44470711218655395
10,-0.04466204599807844,0.01391032359472355,0.016134039051607374,0.02527300631103291,0.0007793713737822561,17.47119532745146,17.219789553501474,0.0,0.0,0.06093712893750649,0.04657123319716338,0.0002733407162171296,0.46565164765581213,0.4625325068150101
11,-0.046358427826875825,-0.019181123576783587,0.05909651124356152,0.028122957231802026,0.00013898277172408324,18.019738718249926,18.12536883110682,0.0,0.0,0.04983803085718707,0.039152072321868014,0.0002893987647909091,0.4582394341760412,0.45938086893074714
12,-0.03294756208795935,-0.02706036697605052,0.07936939810295751,0.03534177000512617,-0.00010921203638780685,17.49725927909846,17.391870859666035,0.0,0.0,0.04921622087511658,0.03769134245243504,0.0002521868628786477,0.43845154135267245,0.44113240773860474
13,-0.017356558549475043,-0.02208822541900357,0.03801216437087085,0.008804526601902118,-0.00024045865665023314,18.110326481077138,18.06272330458958,0.0,0.0,0.035765227537546816,0.028865093545042124,0.00020798371761429602,0.4473304285721235,0.44736963691633924
14,-0.005608504908660716,-0.013301954379141279,-0.017104088011421492,-0.02548407860366586,-0.0002604383472122329,18.29800788086624,18.307046601867203,0.0,0.0,0.04144085934580896,0.03324502156284962,0.0002554386082965186,0.43795384597143566,0.43796922174346
15,0.0009695578121693416,-0.0056094631453396104,-0.026953398098406023,-0.024533416240968275,-0.0001823728810722569,17.015384213407728,17.134479741122075,0.0,0.0,0.0416794860747232,0.032040047681774014,0.0001953111718288919,0.4603121226944124,0.45877375265773257
16,0.0034015051832536614,-0.0007124656005941254,0.02021801438278903,0.014470424310664143,-0.00022033870212689877,16.819738429897026,16.756761662507632,0.0,0.0,0.01528982734091414,0.012350374549256124,0.00012690062449605038,0.46407915742104144,0.4650612870437477
17,0.0033741304654721915,0.0015346490584100536,-0.030229412011029133,-0.022965813943642832,3.402759986803616e-5,17.680928920299426,17.736098557901727,0.0,0.0,0.027127746272748686,0.02207268377975024,0.0001439294309649091,0.4432601082951194,0.44147644146291504
18,0.002335503330974653,0.0019990239898959317,-0.05489367559442515,-0.03920142119318015,-2.4745844958595775e-5,16.7007849449006,16.816960277263796,0.0,0.0,0.029063665021509293,0.02215008199753448,0.00015093814717217065,0.4346529444515255,0.43248895515176417
19,0.0011938481668360978,0.0015829276283296778,-0.009170400231439668,-0.0052231090481469344,-7.848716585800997e-5,18.281203340460056,18.272486854970264,0.0,0.0,0.010569540268926666,0.008603064895548402,9.124173651808752e-5,0.4551602531979445,0.455386491192185
20,0.0003570646626815943,0.0009284885949201183,-0.022083983648224503,-0.016307464441023267,-5.2962792102984046e-5,17.049173357062948,17.07817200636235,0.0,0.0,0.016872442362122184,0.01292176786358636,0.00013168346198831236,0.44003292109863773,0.4397346658040003
21,-9.856030052102227e-5,0.0003744859872423234,-0.005326389754078953,-0.0037162596222106714,-8.669528271942895e-6,17.29263974034093,17.29910361264731,0.0,0.0,0.010109567010210903,0.007752074030119313,5.210541298064263e-5,0.4565145732389459,0.458250853338297
22,-0.0002574461130167016,3.079240717962506e-5,-0.002563312051140354,-0.0019096087114589544,1.6009491909274587e-5,18.48625638979602,18.51394954186036,0.0,0.0,0.004829739360903423,0.003727987592732792,1.4222542860644887e-5,0.45672008694396504,0.45727853090523274
23,-0.0002449357564993093,-0.00012107119825577328,0.007815137853728338,0.006003561347345254,-1.5804458123769294e-5,18.30170889669778,18.29046257528034,0.0,0.0,0.007243489566705114,0.0056596624607324455,2.6725641816128675e-5,0.4293799675542894,0.42918915837324007
24,-0.00016517676737493048,-0.00014716988854246438,0.01156147003273933,0.008746801759440537,5.484111107934009e-5,17.256773848121583,17.22490928172129,0.0,0.0,0.01125851206437726,0.008624197492548086,4.916941618528165e-5,0.45367684245415285,0.4541068079128326
25,-8.182100400544456e-5,-0.0001131829717726518,0.004651396349886205,0.0035373794832427308,1.8065731270167085e-5,18.246706808214253,18.211030506347857,0.0,0.0,0.004443966469675538,0.003474761149441276,1.4246274433475762e-5,0.43693573340856656,0.4374702611021889
26,-2.2352345652176808e-5,-6.463329678130236e-5,0.0013630910381312589,0.001051689255060495,4.772450791445948e-6,17.434343828344208,17.426853533196297,0.0,0.0,0.0009550196235012462,0.0007909226853631461,3.581739980685871e-6,0.46474508190736075,0.4647256230432755
27,9.107528375906782e-6,-2.48274822478578e-5,0.0017865861580368403,0.0014034571300447496,-8.2033844859275e-6,18.01516186056992,18.00415078997092,0.0,0.0,0.0016675423712693412,0.0013376342996164567,9.307585275713376e-6,0.4666465152112585,0.46619623865623877
28,1.937732485579602e-5,-7.658657374953748e-7,-0.0007277201905186992,-0.0005390784279968308,-2.89528872554623e-6,17.330661735190404,17.342711244767454,0.0,0.0,0.0012220112769783108,0.0009326032277841766,2.4298208647405286e-6,0.4863253572080211,0.4862386724790796
29,1.773541677962953e-5,9.442783244217878e-6,-0.00022888298011336516,-0.00016262822568613444,-1.1013721250563435e-6,18.506272570201705,18.506238779069324,0.0,0.0,0.00021048519669496403,0.00016002934564878472,1.0212093877652302e-6,0.43874026758196827,0.4387405511034952
30,1.1655039489077978e-5,1.0800166716506965e-5,-9.553066619982786e-5,-6.248288281218706e-5,-3.3798464826872987e-7,17.534852155644558,17.53769786743962,0.0,0.0,0.0001059035620513702,8.10109770218277e-5,2.9249814662003315e-7,0.45356486258069206,0.45362399745379506
31,5.585773976690689e-6,8.074723445439247e-6,-6.59834384797442e-5,-4.308908179151416e-5,1.467370939201018e-7,18.101162140326892,18.100395800589965,0.0,0.0,6.203451172179559e-5,4.7566518087722685e-5,1.9817617594981088e-7,0.44618529646175603,0.4461783609719498
32,1.368946422886097e-6,4.486400762004905e-6,-1.3434717960336684e-5,-6.344486414011641e-6,2.2144358813314113e-7,17.945427383616124,17.944752880708016,0.0,0.0,6.787937015736919e-6,5.359398160514965e-6,2.38537143005273e-7,0.4178653898149959,0.4178436008061272
33,-7.960533454642871e-7,1.6328356222672369e-6,-2.350842843723555e-5,-1.668578940572374e-5,3.647800598249873e-7,17.79894364171947,17.797070473612187,0.0,0.0,1.840645316283388e-5,1.4128633263952113e-5,3.7939898164942676e-7,0.44422282544332253,0.4441551916623108
34,-1.4512557489076983e-6,-4.7325154906019407e-8,2.4700257728049735e-5,1.9634556136516323e-5,1.5802959518751436e-7,17.50703671461449,17.507048484793188,0.0,0.0,3.4797923940707063e-5,2.7802530425372335e-5,1.3242800144809367e-7,0.4204712410133492,0.4204715012508757
35,-1.2810447147515447e-6,-7.294784887257322e-7,9.886377028145432e-6,7.659227718725958e-6,6.556271148205894e-8,17.15344646474244,17.15345385552996,0.0,0.0,9.093258405131505e-6,7.829418178164638e-6,6.284124310068005e-8,0.4375786498853152,0.43757861635309797
36,-8.204552925938913e-7,-7.901909460095169e-7,3.037676576944648e-6,1.9823307439992277e-6,3.4726755915315266e-8,17.44376285484217,17.443774248809678,0.0,0.0,3.1063920989420255e-6,2.7701422450844176e-6,3.920238884303154e-8,0.4450207639323621,0.4450205545518372
37,-3.797105185832095e-7,-5.747819331602955e-7,4.5853364660786156e-6,3.2728780574586835e-6,-9.172339554552877e-10,18.27850713430361,18.278486027979135,0.0,0.0,3.2483956944617947e-6,2.7221641670956555e-6,2.1704851046859256e-8,0.4457628367492396,0.44576291806504975
38,-8.138075768826525e-8,-3.1048107418385484e-7,2.110292829371474e-7,-2.429172418771941e-8,-9.675596990277313e-10,16.906298164904772,16.906299171083944,0.0,0.0,1.0292910511312195e-6,8.558631510988087e-7,1.4418433512854866e-8,0.43287168783148583,0.432871683209716
39,6.707789879101256e-8,-1.0637893899101414e-7,7.415430491874986e-8,6.327576240749977e-8,4.2445713610561597e-10,17.709677331368727,17.709677115980245,0.0,0.0,8.422390279278693e-7,6.601761866510497e-7,8.940235089781836e-9,0.46080869750946546,0.4608086975793868
