h,yT_pct,yN_pct,price_pct,cT_pct,Bnext_level,binding_pp,se_yT,se_yN,se_price,se_cT,se_Bnext,se_binding
0,-6.7129234721647,-5.097641706699429,-2.269915211487561,-6.8891109614199975,0.0008087006319769108,22.340261698263795,0.0,0.0,0.0,0.0,0.0,0.0
1,-3.8227865306640796,-4.508881222810368,-0.005945187092259996,-4.433555946619816,0.005155715250628079,17.792999509502522,0.0,0.0,0.0871303249399261,0.06635665178055926,0.0006533570802447448,0.164996299105405
2,-1.4168749153019022,-2.860454275755042,3.191808087449788,-0.38838838047512425,-0.006560218999882128,5.266248924487221,0.0,0.0,0.1937313247924384,0.1422082558515355,0.0008296443037044331,0.4247833817941089
3,0.019542128982052986,-1.2878414511449665,1.8886550456421958,0.20179582208073032,-0.00905167546448915,2.024409405179803,0.0,0.0,0.14955156975689265,0.11451320450635008,0.0008281367311746819,0.36022971691110994
4,0.5980007169128276,-0.2509106408375317,0.6766486767849189,0.277493215814939,-0.006077859750674541,0.7900745142850829,0.0,0.0,0.15502221753451492,0.11912929143011729,0.0008153652039540507,0.37349659692233955
5,0.6451477058842192,0.24376763555453707,0.18335189772811233,0.38014373330983453,-0.0030459419912141072,-0.19235524520608838,0.0,0.0,0.11350269935122519,0.08826428726154564,0.0006785444509380628,0.304122128854175
6,0.4641098066117788,0.3664368564221476,-0.004267127010126881,0.3487345079024484,-0.000781567684085549,-0.5463972657627353,0.0,0.0,0.10905008143987974,0.08419152030681172,0.000581153186754129,0.29685989694661935
7,0.24839940239909097,0.3020186972765737,-0.1175718262691805,0.2011517548493602,-0.00013628114963815108,-0.280756704368576,0.0,0.0,0.09386056473804313,0.07368959378714802,0.0004916011589927595,0.2539335066189646
8,0.08581772458653436,0.18293624275012021,-0.2224833976590901,0.008319009815971334,0.0004332532762044705,-0.13543935225995563,0.0,0.0,0.08998452464888622,0.06995729917974762,0.00045310619721186456,0.232954890919626
9,-0.005340081234606053,0.0789919972673081,-0.18363889682012635,-0.05795760230316027,0.0004139196277436197,-0.10485541878112736,0.0,0.0,0.07866667988307119,0.05985815029902845,0.0003597414611831442,0.21194386656736897
10,-0.039942388488700686,0.013230776490003038,0.02394769880340597,0.03199726199230035,0.00010951929939406746,-0.15003017762347803,0.0,0.0,0.05804873806593414,0.04536722441932586,0.00030535089951214275,0.14288479519489133
11,-0.04136874186104755,-0.01701894446342056,-0.0019683783903823304,-0.016689313313278387,0.00030427360065599096,0.004306955073402063,0.0,0.0,0.057342309924163726,0.042839812900317784,0.0001941674105024738,0.17108222109330795
12,-0.02915492939812303,-0.023797220038135336,0.004600525939912892,-0.016560781051666584,0.00037101809301154365,0.064015461918418,0.0,0.0,0.044027247816646554,0.034755723663410995,0.0002269267869768644,0.11580017098053844
13,-0.015284607483967427,-0.01914204151127752,0.048769093278644426,0.018643687339370274,0.0003307236812102321,-0.11215859541261475,0.0,0.0,0.031033927827675226,0.024086909261435713,0.0002062877968902277,0.09323636902567164
14,-0.005039892445901639,-0.011374284416321156,0.009960181124313294,-0.0034647145519484113,0.0002625500789056323,-0.019398423609578996,0.0,0.0,0.024951131787464016,0.020207080304057354,0.0001542346114547185,0.08306809471712547
15,0.0005959419672851851,-0.004767404255057173,0.016817546054737065,0.009746608740179852,-3.6858237932868576e-6,-0.10116526527381986,0.0,0.0,0.023135693794387728,0.01806393523647779,0.0001428353955470266,0.08077970704090866
16,0.0026553828290865056,-0.0006641067239798737,-0.0033571274594246248,-0.0014919649344746766,-3.013353875924718e-5,0.03784301448576943,0.0,0.0,0.0319870933928374,0.025154422988929344,0.00014794716836703993,0.07516576738515879
17,0.0026546573375529903,0.00117457648525221,0.008069963698575933,0.007440438682038142,1.01063791325684e-5,-0.02788063099726512,0.0,0.0,0.0129795281377865,0.010292061633638123,9.417748033560547e-5,0.05048035823341384
18,0.00183403941833582,0.0015435590303258806,0.017052225322511383,0.014087403916218655,-8.142435803604187e-6,-0.03404672327453895,0.0,0.0,0.014583620579291384,0.010739812220905386,7.709679422785756e-5,0.04918791284680186
19,0.000940632190293833,0.0012134603843749758,0.003915731064085826,0.004576999684435812,4.170184837770652e-5,-0.017157219158489556,0.0,0.0,0.006181105254083478,0.0048934182426686275,4.95379946001533e-5,0.026302268233187057
20,0.00029432758157366123,0.0007070821835597485,-0.0012141823717004563,-0.000450458428469247,1.9349422119674387e-5,0.020763950321533997,0.0,0.0,0.0048846865500193635,0.0038825922155888036,4.5382239740184824e-5,0.020237618487341003
21,-5.3896587892676706e-5,0.00028701105041495367,0.017852932854012238,0.013680961110162926,-5.027391169987183e-5,-0.045137915282103536,0.0,0.0,0.01980850420683791,0.014891143235148565,5.159331620501549e-5,0.0501660209592315
22,-0.00017585910740969268,3.110374242609737e-5,0.00923224201663242,0.006545793236401032,-6.689840618856469e-5,-0.0201954228633644,0.0,0.0,0.010800328938080616,0.0077212510035100206,7.097199653675532e-5,0.025454968431886726
23,-0.00017006613399761505,-8.037655989667769e-5,-0.002604390506266707,-0.002209506116890303,-1.3637097468266468e-5,-0.0045194002509935105,0.0,0.0,0.002342555989811094,0.0019420866248352879,1.7991402720472653e-5,0.005337754689224781
24,-0.00011520766879380417,-9.991618589166862e-5,-0.0043299837701349375,-0.003454809118075275,-8.633787685008443e-6,0.02261785810379613,0.0,0.0,0.00466503992659206,0.0036279571114468108,9.239000251681077e-6,0.02430629797731852
25,-5.776958861281045e-5,-7.681903244627364e-5,-0.003532770712277866,-0.002893466697762026,-6.91017563381191e-6,0.023063503401019037,0.0,0.0,0.003713955975504535,0.0029537830114097605,5.977901521219072e-6,0.02411615449324377
26,-1.705368328774881e-5,-4.388673797706133e-5,-0.0005569429946561399,-0.0005134259177363987,-2.4107773608506022e-6,0.004416705177501257,0.0,0.0,0.0006422384123022716,0.0005339580111458184,1.4394102882979464e-6,0.005803546405675598
27,4.423913391171652e-6,-1.7215834036132804e-5,-0.00023590219083713393,-0.00019886962511206363,-4.129565404076274e-7,-0.009349330759994556,0.0,0.0,0.00016856150372556477,0.00013107410191816825,1.199365990018032e-6,0.00912765934554738
28,1.1606468519609336e-5,-1.279033901013804e-6,-0.00030879825494434243,-0.000255232057166932,2.295841434185597e-6,-4.0789637414939683e-5,0.0,0.0,0.0003493588440473054,0.0002860061726968159,2.333275037233936e-6,7.86377335494571e-5
29,1.0879092560145409e-5,5.460172647353545e-6,0.00011977607234925358,9.121876147766272e-5,1.729888286061687e-6,-6.242351943963609e-5,0.0,0.0,0.00012275329874719386,9.177109330414914e-5,1.560287105242551e-6,6.324895979970697e-5
30,7.22777466766189e-6,6.455592327370141e-6,-1.8747339236568905e-6,6.121958762150825e-6,1.8725605861469319e-6,0.0006044818481848457,0.0,0.0,0.00020271564364325,0.00015891783341503507,1.171422817665398e-6,0.0006440680417211015
31,3.540823434455831e-6,4.856983482071087e-6,0.0011153868141100531,0.0008531966921632161,-6.197223513138006e-6,-9.60751321832376e-6,0.0,0.0,0.0010497230462537693,0.0007925930047939715,6.615321833798328e-6,7.224566099008857e-6
32,9.790001032072837e-7,2.719758107616599e-6,-0.0003168075149551086,-0.00023015277089699637,-4.221322839503827e-6,1.8856124522903528e-6,0.0,0.0,0.00034259639102078755,0.0002568307120241922,4.409857316600626e-6,1.4919592950916871e-5
33,-3.43308803607556e-7,1.028553842097324e-6,-0.0003679382732824088,-0.00029138256634198,-1.5954815217877893e-6,-2.7260698309827802e-6,0.0,0.0,0.00039314790423298135,0.0003126069962587187,1.5861603911587405e-6,3.036026955421664e-6
34,-7.63594232289222e-7,3.7499936489382435e-8,-7.279681963900941e-5,-6.13040759489536e-5,-1.0862308487125105e-6,-7.444899730035814e-6,0.0,0.0,7.100324497113165e-5,5.988044762464265e-5,1.0739476115336293e-6,1.1441298814300195e-5
35,-6.949376074594227e-7,-3.6859718610671166e-7,-4.9166373017328624e-5,-4.346935897903137e-5,-7.248007382054666e-7,8.735016542305019e-5,0.0,0.0,4.455551141271578e-5,3.9159060707631294e-5,7.452818708542516e-7,0.00011160553895275005
36,-4.52863291311445e-7,-4.163514866206697e-7,-3.404838773146679e-5,-2.8989463052297992e-5,-4.830929459798128e-7,0.00010249830312558661,0.0,0.0,3.630486784067841e-5,3.0249887232619528e-5,4.842603886621862e-7,0.00010774657994734847
37,-2.1656044735252067e-7,-3.0670335160465356e-7,-3.1034435032939456e-5,-2.6220751470074077e-5,-2.5333312536623964e-7,6.717575918302465e-5,0.0,0.0,3.140755812441162e-5,2.619883541459096e-5,2.5135494598632744e-7,6.076108253149109e-5
38,-5.5575433144383624e-8,-1.6828065607654707e-7,-1.8293808823344193e-5,-1.5423561328109514e-5,-1.1551499601303306e-7,1.9566047959607147e-5,0.0,0.0,1.8152665887529753e-5,1.5146176162445774e-5,1.1573214791663101e-7,1.9937704356075814e-5
39,2.568141255210321e-8,-6.117790718462857e-8,-7.220555076070667e-6,-6.384175454954288e-6,-5.7790503604771004e-8,2.291506624452211e-5,0.0,0.0,7.766765318154692e-6,6.771493500633069e-6,5.5283068600137337e-8,1.85699888402308e-5
