run,iteration,hh_iterations,hh_tolerance,observed_update,whole_grid_update,B_error_max,price_error_max,mean_B,binding_share,min_state_observations
simulation_only,1,91,2.0e-8,1.5003663176345465,1.5271942092930795,0.5769367607366194,0.7781536039445204,-0.9227985965020742,0.26263314398521276,56
simulation_only,2,50,2.0e-5,1.3880362777313118,1.5198693868355364,0.5570153118433478,0.752104999300003,-0.9280642144369232,0.2619579723413627,56
simulation_only,3,49,2.0e-5,1.1877768671896387,1.2715960475018575,0.4978545695676756,0.6970663119013689,-0.9308768100341122,0.25798731457014173,56
simulation_only,4,53,2.0e-5,1.07344210820562,1.1302724147024952,0.45966375062105636,0.6598728160017104,-0.9310238307061525,0.21992807328804576,56
simulation_only,5,55,2.0e-5,0.4442330431593695,0.4678562620865178,0.21588953737413552,0.3601780981183036,-0.9279120322095836,0.20142161230511915,56
simulation_only,6,51,2.0e-5,0.3386496432446541,0.34882499362537267,0.1618946618684569,0.28857591151412854,-0.9263006036837764,0.18990019284869705,56
simulation_only,7,48,2.0e-5,0.31783273778652754,0.32768213330587526,0.15457972598337089,0.2738960264903414,-0.9249608865600105,0.18171124991075152,56
simulation_only,8,45,2.0e-5,0.2627603343492552,0.2676389873102218,0.12631921447255867,0.2319395268951726,-0.9243462334874925,0.17837089819206262,56
simulation_only,9,41,2.0e-5,0.2948545668403253,0.32463150034676486,0.14271576742031755,0.25636415306964566,-0.9240782159506774,0.17589740178080496,56
simulation_only,10,39,2.0e-5,0.2443821659173587,0.2598135963719399,0.11856014279144245,0.2176783521466883,-0.9238982629835175,0.17442583207572246,56
simulation_only,11,37,2.0e-5,0.1982523855506328,0.2215975967083746,0.09647698501066437,0.18071350938891384,-0.9237600679319797,0.17338540961732174,56
simulation_only,12,35,2.0e-5,0.19211775680088333,0.19655796651486598,0.09494920047773525,0.17567446759019023,-0.9236726893203879,0.17277024396339044,56
simulation_only,13,33,2.0e-5,0.1888976030152511,0.2135684438497709,0.09369408581792449,0.17311244143595672,-0.9235950952386952,0.17218890765334544,56
simulation_only,14,31,2.0e-5,0.13183393053911038,0.15092847838793672,0.0653899896865725,0.12431861813321998,-0.9235371183395616,0.17166029981879358,56
simulation_only,15,28,2.0e-5,0.11242852341363199,0.14191551439730563,0.05587614486750769,0.10712630349621188,-0.9235193411895323,0.17147604983126782,56
simulation_only,16,26,2.0e-5,0.10702968833819826,0.13710395997692382,0.05326496315874607,0.10222256278928632,-0.9235146312640826,0.1713319577947267,56
simulation_only,17,25,2.0e-5,0.09904818730776918,0.11913727278400187,0.049315212608260106,0.09491299255598196,-0.9235005034716691,0.17117019410422313,56
simulation_only,18,23,2.0e-5,0.05607296219163274,0.07479640261413444,0.027963334015520314,0.05506714035725524,-0.9234886404397652,0.17104409400080828,56
simulation_only,19,23,2.0e-5,0.03639545211302813,0.05681607913508279,0.018182549277245053,0.036201675871941785,-0.9234797999459665,0.1709754157854523,56
simulation_only,20,22,2.0e-5,0.028607818106862498,0.05196875828754546,0.01433079340393384,0.028631659849494784,-0.923474087540724,0.17090462307434512,56
simulation_only,21,23,2.0e-5,0.024006455270087802,0.04840423253009776,0.012057664495953135,0.024122618524870187,-0.9234678775490297,0.17084196299137352,56
simulation_only,22,22,2.0e-5,0.019373324383104254,0.04419408679041153,0.009759491879777205,0.019558730843985295,-0.9234619986543271,0.17079365041160616,56
simulation_only,23,22,1.9373324383104256e-5,0.015132770360646527,0.039892682365932575,0.007651700965448871,0.015362124021444656,-0.9234568882339361,0.17075351219113383,56
simulation_only,24,23,1.5132770360646527e-5,0.011671149457237642,0.03597610246296379,0.005929675797470391,0.011922670824567994,-0.9234525070943094,0.17072007073588275,56
simulation_only,25,24,1.1671149457237643e-5,0.008974770417646707,0.032452186434106224,0.005331221460634805,0.009232749390919115,-0.923449035680662,0.17069172238551308,56
simulation_only,26,26,8.974770417646707e-6,0.006904469440639753,0.029305360307597388,0.00530263522190888,0.007159766290230074,-0.9234460778745833,0.17068076242503885,56
simulation_only,27,27,6.904469440639753e-6,0.005290338774853077,0.0264924348244269,0.005279057739218329,0.007086225019710235,-0.9234431920853385,0.17066804475539488,56
simulation_only,28,29,5.290338774853077e-6,0.004054469074950747,0.024015020473499803,0.0052612851110848124,0.007058441293295581,-0.923440926696688,0.17065799913277083,56
simulation_only,29,30,4.054469074950747e-6,0.003103464629735394,0.02183313554481378,0.005248410866795283,0.0070382026838945455,-0.9234388269269717,0.17064610993772988,56
simulation_only,30,31,3.103464629735394e-6,0.002370033216264277,0.02080779134400066,0.005239229231327025,0.007023649762061046,-0.9234368560848573,0.17063646844532007,56
simulation_only,31,32,2.370033216264277e-6,0.0018086365002195784,0.019840109139317313,0.005232788556815637,0.007013326845545342,-0.9234349766373084,0.1705985989027575,56
simulation_only,32,33,1.8086365002195785e-6,0.0013786561582461766,0.018915906715153384,0.005228037956968912,0.007005686912006204,-0.9234330346913792,0.1705863386655649,56
simulation_only,33,35,1.3786561582461766e-6,0.0010504020305893028,0.01803691671778187,0.005224790612212704,0.007000375812986515,-0.9234311870065662,0.17057303915271566,56
simulation_only,34,36,1.0504020305893027e-6,0.0007999510324298351,0.017203488863471783,0.005222604307302259,0.006996722574465486,-0.92342941792965,0.17057009188607966,56
simulation_only,35,37,7.999510324298351e-7,0.0006090707183443939,0.016415382753406985,0.005221160323663043,0.006994241897428255,-0.9234277375257832,0.17055547495880163,56
simulation_only,36,39,6.09070718344394e-7,0.00046752421955632124,0.015672609419145292,0.005220181156508907,0.006992517767420381,-0.9234261154248845,0.1705519024179406,56
simulation_only,37,40,4.6752421955632123e-7,0.0003761941312186747,0.014973825912444816,0.005219254216571545,0.00699096341930483,-0.923424536573685,0.1705357756925683,56
simulation_only,38,41,3.761941312186747e-7,0.00031630919483960135,0.014316935172404831,0.005218547818428565,0.006989779758927783,-0.9234230048132234,0.17052881063503253,56
simulation_only,39,42,3.1630919483960134e-7,0.00027016460423808723,0.013699486975785961,0.005218023545169315,0.0069888967268118,-0.9234215289078854,0.1705183604177477,56
simulation_only,40,42,2.7016460423808725e-7,0.00023424829712581204,0.013119097190431216,0.00521768419747104,0.006988304064405648,-0.9234201070767267,0.17050925092985336,56
simulation_only,41,43,2.3424829712581204e-7,0.00020617505411056839,0.012573650306038815,0.005217458142559472,0.006987895374298447,-0.9234187113547881,0.17050192005376483,56
simulation_only,42,11,2.0e-8,0.0001837157350034871,0.012061306002666337,0.0052172758009364495,0.006987569385380699,-0.9234173693528456,0.17049899250912917,56
