z,yT,yN,reference_n,kappa_0,kappa_1,kappa_2,kappa_3,kappa_4,kappa_5,kappa_6,kappa_7,kappa_8,kappa_9,kappa_10,kappa_11,kappa_12,kappa_13,kappa_14,kappa_15,kappa_16,kappa_17
1,0.8662690735308087,0.8374508476963178,50,-0.9719250074119727,-0.9713687536158646,-0.9543900128204438,-0.9499278368030322,-0.9305841210865228,-0.9070702915112003,-0.8789255681259748,-0.8679499610031695,-0.8224522070547832,-0.7958243620164299,-0.7538664334320371,-0.7348045845510511,-0.6984690111964403,-0.6373844357961989,-0.6185784040727631,-0.5702602819235232,-0.5430937101478435,-0.48555756316620524
2,0.9365449605303697,0.8895017207368275,256,-1.0055263956995613,-0.9715198859886238,-0.9672725512706949,-0.9556699905940182,-0.9541353865544624,-0.9532399253484072,-0.9477456083378195,-0.9369469454844239,-0.9299805437937569,-0.9187631375758196,-0.9042898250310645,-0.8847665367761954,-0.8623121012560299,-0.8277934755948677,-0.768576417169373,-0.7006692843143918,-0.6081868716023543,-0.48895809390347
3,1.0,0.9365006323725481,349,-1.019471942247742,-0.9927518485987764,-0.9754697649903404,-0.9717047629729397,-0.9706618517432001,-0.9672664567763916,-0.962296441467164,-0.9556332410141468,-0.9541934510060275,-0.9536896372711621,-0.9487013085142144,-0.9380352351107406,-0.9296021759289613,-0.91191885784644,-0.8805367351082423,-0.8280633458389484,-0.7654589753758287,-0.49252344770830825
4,1.0634550394696305,0.9834995440082689,165,-1.0218711628005845,-0.9992289603824427,-0.998008985312578,-0.9936918302232666,-0.9920173985573035,-0.9810476334301397,-0.9755404350009271,-0.9711650196025067,-0.9689926225066001,-0.962857351099421,-0.9575935056045766,-0.9539483228765927,-0.9504525509515108,-0.937958057621474,-0.9277911158121606,-0.8862734021827936,-0.8116367838411553,-0.693874984421793
5,1.1337309264691915,1.0355504170487786,16,-1.0053931013702067,-0.9985958975692301,-0.9969168362648579,-0.9966464416402612,-0.994496843756621,-0.9911182088834135,-0.9884600173819311,-0.986768887643801,-0.9849077816434809,-0.9848813729557413,-0.9827324575342967,-0.9774272884019715,-0.9748136622144451,-0.9725387333854283,-0.9703333886265533,-0.9650049935634906,-0.9465836664721874,-0.9331869078664188
6,0.8662690735308087,0.8708199007773825,139,-0.9809560977369802,-0.9541871669032722,-0.9375351294625296,-0.9319884048108067,-0.9313176474874327,-0.9274821901800088,-0.9116413582176548,-0.9053916267245128,-0.9022272398607725,-0.8845131819741872,-0.8497601568529376,-0.8116461443665557,-0.7743336889807586,-0.7039350962352228,-0.6511734971750218,-0.6109202215040985,-0.5577057293561538,-0.5057122512955747
7,0.9365449605303697,0.9228707738178922,858,-1.0043855493599754,-0.971534385691408,-0.961452350595692,-0.9553106330221578,-0.9539584368788361,-0.9508290362799589,-0.9448643454689672,-0.9324299282143635,-0.9318254108466004,-0.930165414626801,-0.9273475585719376,-0.919507731364096,-0.9103635857088807,-0.9035267371811186,-0.8849875946895664,-0.8268758556554932,-0.7310679434762505,-0.46227974004323646
8,1.0,0.9698696854536127,1282,-1.0140535434639601,-0.9821893819769512,-0.9758841455573665,-0.9714875281987362,-0.9674891514952688,-0.962278469973993,-0.9570968440693551,-0.9548976484661169,-0.953369926978085,-0.9496553633619791,-0.9444009460538747,-0.9335585672666912,-0.9311940037910624,-0.9263665580178281,-0.9119349689576671,-0.8946540634843794,-0.8376933990488241,-0.5097504389577028
9,1.0634550394696305,1.0168685970893336,611,-1.0172349809370436,-0.9982330006403932,-0.9923653510646637,-0.9832609948342533,-0.9773779223372627,-0.9747150736072705,-0.9720348854015006,-0.9700793483028589,-0.965781515585338,-0.962292715118959,-0.9572822866657278,-0.9541366152422819,-0.950337893215736,-0.942981981222204,-0.9319269752147629,-0.9184555769534198,-0.8877232212249819,-0.6095776634918876
10,1.1337309264691915,1.0689194701298432,89,-1.0212734476001897,-1.0037359695362975,-0.9938579025054431,-0.9913050698272513,-0.9874789570689648,-0.9852490218258735,-0.9796813613420301,-0.9750048288345704,-0.9725768330961586,-0.9704390162228849,-0.9663401336669555,-0.9635126448418277,-0.9603330136518957,-0.9531071472128778,-0.9391177722184476,-0.9288388255686677,-0.8881551450990813,-0.7789863442020537
11,0.8662690735308087,0.9009502153237697,165,-0.970296822043,-0.9542727713974314,-0.9373163043256187,-0.9319578676767563,-0.9308766818006322,-0.927677198466746,-0.9192061905499664,-0.9121493335033432,-0.9099243918258518,-0.9066267521316822,-0.9028574882566416,-0.8965194061172709,-0.890028182320586,-0.8742913859942847,-0.816131324549054,-0.7559290944481304,-0.680577686821819,-0.5254128023526191
12,0.9365449605303698,0.9530010883642794,1062,-1.0249829470651548,-0.9668517940659886,-0.9579284585061347,-0.9540604800474298,-0.9478948168403402,-0.9377147754865575,-0.9323407514933183,-0.9313229699333703,-0.9290686609741706,-0.9250324573493531,-0.9175382036672638,-0.9118834709886559,-0.9097909511604502,-0.9057367934966257,-0.8982312016914524,-0.8845238036100391,-0.8450493628701183,-0.4598526694845253
13,1.0,1.0,1901,-1.0139433941249878,-0.9756156394771078,-0.9699971319479996,-0.9631003865499538,-0.9587383497426688,-0.9560815513105223,-0.952702306071906,-0.9482500477914476,-0.9435237845607528,-0.9373648044162622,-0.9323670012814396,-0.9296793963322794,-0.924298704985598,-0.9159419146834836,-0.9104302179207415,-0.9006953757568783,-0.8800472064136873,-0.59624554411972
14,1.0634550394696305,1.0469989116357208,1028,-1.0180873258046481,-0.9830267160304279,-0.9758609425173723,-0.9712236902481313,-0.9660689001022894,-0.9619049209214895,-0.9590486263241123,-0.9569463544778055,-0.9546523160599149,-0.9514927332523067,-0.9475269279439834,-0.9434895940811636,-0.9376907949768233,-0.9319039089481751,-0.9253015035711734,-0.9141250948885153,-0.8990101967766797,-0.7372928615406744
15,1.1337309264691915,1.0990497846762306,157,-1.0139204917118927,-0.9950952668830987,-0.9872162452748344,-0.9791860907857758,-0.9760195149297599,-0.9738373746408184,-0.9688411055858455,-0.9661459113466013,-0.9627542359600452,-0.9585808446024107,-0.9508196100502238,-0.9462640875059308,-0.9405440149674167,-0.9344365746959619,-0.9231657894835805,-0.9129907245806845,-0.8973126045198583,-0.8029131032146406
16,0.8662690735308087,0.9310805298701572,96,-0.9785528707724207,-0.9488800506598695,-0.9321578509812244,-0.92309369463618,-0.9125661485360461,-0.9116821484421641,-0.9100743079006655,-0.9064452510423523,-0.9026710422057184,-0.8985842650023881,-0.895314458703024,-0.8916414816175814,-0.888059403358275,-0.8860963197979793,-0.8812145779503395,-0.8709470303264627,-0.7832758583283312,-0.5598371415233544
17,0.9365449605303698,0.9831314029106668,687,-0.971770254353518,-0.957255872021336,-0.9493757801219799,-0.9408526620156621,-0.9348762843318805,-0.9310754047258138,-0.9271649923304175,-0.9221838196812074,-0.9155394087957083,-0.9119834842648965,-0.9087981130207594,-0.9051829167712209,-0.8994154281767129,-0.8935131086869782,-0.8880387246544883,-0.8740539293316087,-0.8568637618754598,-0.675761546632758
18,1.0,1.0301303145463874,1236,-1.0059094916849833,-0.9636974395114716,-0.9575863948068536,-0.9544874738410642,-0.9486088812776183,-0.942639626467431,-0.9373342821683066,-0.9333614789596073,-0.9286658465075657,-0.9248063897037688,-0.9184952778719752,-0.9123729848813505,-0.9075325556060779,-0.9007630026382734,-0.8924104851992443,-0.8832030947123771,-0.8647127645170765,-0.5582508330483977
19,1.0634550394696305,1.0771292261821082,821,-1.0134342274859707,-0.9678970422279556,-0.9597000565221604,-0.9567041327532702,-0.9518675266930439,-0.9476352793781131,-0.9430215090275386,-0.9376679068977911,-0.9329344648922406,-0.9281315550291415,-0.9228448138603944,-0.9172820391103268,-0.9117303353373589,-0.9049129808482107,-0.8932038313853036,-0.8766008306679949,-0.8580382943775202,-0.6783703902070097
20,1.1337309264691915,1.129180099222618,144,-1.0186236228206627,-0.9774508327008476,-0.9679725283975943,-0.9607727262929364,-0.9491781547761491,-0.9462478589380683,-0.9424288897780492,-0.9354211818415579,-0.9284829999256858,-0.9226381351543678,-0.9193737498624197,-0.912439676675173,-0.9026385613083023,-0.8988363831327782,-0.8930961908003706,-0.8831372738764798,-0.8668356457887905,-0.7589696793242813
21,0.8662690735308087,0.9644495829512217,14,-0.9338774700186065,-0.9284669316407035,-0.9196103339460249,-0.9117794762903356,-0.908135612929211,-0.9056350995177803,-0.898795410524403,-0.8936179952405089,-0.8920908242153227,-0.8916208273152663,-0.8915367227601257,-0.8909528251036165,-0.890034577583651,-0.8896302743642575,-0.8863204871580215,-0.8841627333954996,-0.8823155068200543,-0.8792064329806002
22,0.9365449605303698,1.0165004559917314,162,-0.9584041534415517,-0.9341182960720689,-0.9261765249094128,-0.9138770041328178,-0.9076312343217829,-0.9044133820322565,-0.9020664486419672,-0.8995066658633174,-0.8939468356174838,-0.8894714638434204,-0.887423236801039,-0.8825411031836747,-0.8807645482401159,-0.8744511872343482,-0.8646376593087978,-0.8588191214389594,-0.8431059524027866,-0.729547157171651
23,1.0,1.063499367627452,386,-0.9735271182606204,-0.943097095505291,-0.9345322000143935,-0.9281664738429307,-0.923129226894506,-0.918551173013556,-0.9112572486611056,-0.906009123100368,-0.9002715788436301,-0.8948514483442563,-0.8883759652482569,-0.8828240869234675,-0.8751469986468193,-0.8654898294868378,-0.8548917967856587,-0.8436960996513856,-0.8300014218359608,-0.7655295344619427
24,1.0634550394696305,1.1104982792631728,273,-0.9856494249884376,-0.950852795614997,-0.9432009828987984,-0.9330689407810262,-0.9270421084652114,-0.9215855703831533,-0.9154378815904319,-0.9083632193385553,-0.9004004720915544,-0.8949963859197687,-0.8873741975231904,-0.8834243539532416,-0.878111657629428,-0.8669276004979716,-0.8531628933395897,-0.8436735799502483,-0.8256027114112132,-0.7070301704474535
25,1.1337309264691915,1.1625491523036824,53,-0.9580282359470178,-0.9520265540278414,-0.9381896804939535,-0.9326715060606581,-0.9246234699594338,-0.9196949748910861,-0.916159650727347,-0.9096372292857254,-0.902661563305702,-0.8997930171758449,-0.8919739071719087,-0.8848255621608543,-0.874402978174985,-0.8691686403391006,-0.8639406273760236,-0.8526109667879042,-0.8029420785524339,-0.7404702921882931
