"statistic","paper_de","paper_sp","julia_de","julia_sp"
"Crisis probability (%)","5.5","0.4","5.30875","0.3725"
"Mean debt / GDP (%)","29.2","28.6","29.53493003360767","28.679149129263475"
"Consumption std. (%)","5.9","5.3","5.970915379349898","5.276200822319375"
"Real exchange rate std. (%)","7.5","3.4","7.517437261353544","3.425398527881284"
"CA / GDP std. (pp)","2.8","0.6","2.7854036769114394","0.5967993057488881"
"TB / GDP std. (pp)","2.9","0.6","2.9295552262556552","0.6197661047085276"
"corr(consumption, GDP)","0.83","0.86","0.8357654920785628","0.8553356583588275"
"corr(real exchange rate, GDP)","0.79","0.44","0.7916566945998718","0.4364573222929242"
"corr(CA / GDP, GDP)","-0.76","-0.05","-0.7580493923899853","-0.06439887521510601"
"corr(TB / GDP, GDP)","-0.77","-0.16","-0.770070174636094","-0.17374483894858225"
"Median-crisis consumption (%)","-16.7","-10.1","-16.552906145448574","-10.040210252347814"
"Median-crisis CA / GDP (%)","7.8","0.0","7.708214352214695","-0.16660478971381426"
"Median-crisis depreciation (%)","19.2","1.1","18.95413296428571","1.0851364897539018"
